こずやなの	小鳥谷なの	名詞
おぼろこま	尾幌こま	名詞
あいさかしう	藍坂しう	名詞
ほんあみあずさ	本阿弥あずさ	名詞
みーにゃすこっと	ミーニャ・スコット	名詞
りょうごくつかさ	領国つかさ	名詞
ちねんせいら	智念せいら	名詞
ほしくずぷらね	星屑ぷらね	名詞
おわりのむくろ	終末むくろ	名詞
ゆきめるみ	雪芽るみ	名詞
おもちたむ	王猛ちたむ	名詞
あいうらら	あいうらら	名詞
なつかわひのり	夏河ひのり	名詞
おにのめる	鬼ノめる	名詞
ゆめみむむ	夢見むむ	名詞
かみたばねるこ	紙束ねるこ	名詞
まごもりまごも	孫守まごも	名詞
あんしんいんみさ	安心院みさ	名詞
ていおんかさね	蹄音かさね	名詞
ろろおりふぃす	ロロ・オリフィス	名詞
ぼこすかぽこる	殴須賀ポコル	名詞
かがすみれ	花芽すみれ	名詞
かがなずな	花芽なずな	名詞
こがらとと	小雀とと	名詞
いちのせうるは	一ノ瀬うるは	名詞
くるみのあ	胡桃のあ	名詞
とさきみみ	兎咲ミミ	名詞
あすみせな	空澄セナ	名詞
たちばなひなの	橘ひなの	名詞
はなぶさりさ	英リサ	名詞
きさらぎれん	如月れん	名詞
かみなりきゅぴ	神成きゅぴ	名詞
やくもべに	八雲べに	名詞
あいざわえま	藍沢エマ	名詞
しのみやるな	紫宮るな	名詞
ねこたつな	猫汰つな	名詞
しらなみらむね	白波らむね	名詞
こもりめと	小森めと	名詞
ゆめのあかり	夢野あかり	名詞
やのくろむ	夜乃くろむ	名詞
つむぎこかげ	紡木こかげ	名詞
せんどうゆうひ	千燈ゆうひ	名詞
ちょうやはなび	蝶屋はなび	名詞
あまゆいもか	甘結もか	名詞
ぎんじょさいね	銀白サイネ	名詞
たつまきちせ	龍巻ちせ	名詞
あけちみつき	明智光月	名詞
おだしのぶ	織田詩信	名詞
さなだゆきは	真田幸葉	名詞
だてつかさ	伊達つかさ	名詞
たけだくろあ	武田玄愛	名詞
ももちはる	百地波瑠	名詞
ふうまこよい	風魔小宵	名詞
さるとびさな	猿飛佐奈	名詞
こいのやまい	恋乃夜まい	名詞
きゅいゆい	休癒ゆい	名詞
だらあんみやび	荼楽庵みあび	名詞
ほむらきしゃな	焔鬼シャナ	名詞
ねこみやふゆ	猫宮ふゆ	名詞
さとうちゆり	佐藤ちゆり	名詞
やまだめい	山田めい	名詞
すずきゆら	鈴木ゆら	名詞
あかいあかめ	赤衣アカメ	名詞
ほしのねころん	星ノ音コロン	名詞
あまみくりね	天海くりね	名詞
こひなたちこ	小日向千虎	名詞
みらるぷす	ミラ・ルプス	名詞
ぎんかいまお	銀灰まお	名詞
りんがーねっと	リン・ガーネット	名詞
めいどうしろね	明堂しろね	名詞
かとうしぇりー	華糖シェリー	名詞
ぺるぽ	ぺるぽ	名詞
すいもりあとり	翠森アトリ	名詞
しずかわなのか	雫川なのか	名詞
しろくまたべる	白熊汰べる	名詞
うゆづきめも	卯夢月めお	名詞
もふやまそらら	もふやまそらら	名詞
ちゃまこ	ちゃまこ	名詞
ぷるゔぉわーるぬる	プルヴォワール・ヌル	名詞
こいせよおとめ	恋世代おとめ	名詞
