あーるおじ	Rog	名詞
あいざわひな	愛沢日南	名詞
あかつききのこ	暁きのこ	名詞
あさのあかつき	阿沙野暁	名詞
あさみやいく	朝宮いく	名詞
あまうしろっぷ	天羽しろっぷ	名詞
あまがみしにあ	天神シニア	名詞
あまつかえる	天使エル	名詞
あやめるん	朱愛るん	名詞
いつきつかさ	五木つかさ	名詞
いなりえんじゅ	稲荷えんじゅ	名詞
いぬがみゆき	狗神ゆき	名詞
いのりまりえ	祈里マリヱ	名詞
うさきぷらむ	愛咲ぷらむ	名詞
うすいくりあ	宇推くりあ	名詞
うたかたひつじ	泡沫ひつじ	名詞
うたかたゆら	泡沫ゆら	名詞
えのみやみるく	愛宮みるく	名詞
おとはなゆうり	乙花ゆうり	名詞
おにがしまぴぃち	鬼ヶ島ぴぃち	名詞
かげつえあり	華月エアリ	名詞
かしろかな	菓白カナ	名詞
かみしろくれあ	神城くれあ	名詞
かんなぎてと	神凪てと	名詞
きさらぎるな	如月ルナ	名詞
きねずみやまね	木鼠やまね	名詞
きらぼしらんぽこ	綺羅星らんぽこ	名詞
きららみみ	雲母ミミ	名詞
くぐみるい	久々湊るい	名詞
くじらのあいか	鯨野アイカ	名詞
くずのはすずなで	葛ノ葉鈴撫	名詞
くまいはにー	熊居ハニー	名詞
こあくまよ	恋惡まよ	名詞
こくほうまりあ	黒宝まりあ	名詞
こだいむらさき	古代紫	名詞
ことねりな	琴音リナ	名詞
ことねるな	琴音ルナ	名詞
こはくねね	琥珀ねね	名詞
こひなたひよの	小日向ひよの	名詞
こもれびわんこ	木漏日わんこ	名詞
さおとめおとは	早乙女乙葉	名詞
さくらいゆい	桜井ユイ	名詞
さたなきあ	沙汰ナキア	名詞
しあらぴっど	シア・ラピッド	名詞
しかいゆえ	始解ゆゑ	名詞
しきぶめぐり	式部めぐり	名詞
しきもりことり	四季森ことり	名詞
しのみやららこ	紫宮ららこ	名詞
しもふりいちぼ	霜降いちぼ	名詞
しらべるぴぃす	白米榴ピィス	名詞
すおうぱとら	周防パトラ	名詞
すずねまいむ	鈴音舞夢	名詞
すみれざきりん	菫崎リン	名詞
たかなしこばと	小鳥遊こばと	名詞
たかむらしゅり	篁朱莉	名詞
たべすぎるう	多部杉るう	名詞
ちゃーむ	Charm	名詞
つきまちにゃも	月待にゃも	名詞
つきみやまい	月宮 舞	名詞
つくよみこん	月詠命こん	名詞
てんしょういんひめの	天璋院ひめの	名詞
ときわあいの	時羽あいの	名詞
とねまくら	兎音まくら	名詞
とまりまり	兎鞠まり	名詞
なみよいかなで	波宵かなで 	名詞
にわさきぴよ	庭咲ぴよ	名詞
ねことかなみ	音琴かなみ	名詞
ねこまたるる	猫又るる	名詞
ねこみやさくや	音恋宮さくや	名詞
はくあまうる	白亜マウル	名詞
はなさきあいか	華咲あいか	名詞
はなぞのせれな	花園セレナ	名詞
はなよのめのら	花代乃メノラ	名詞
ひいらぎさんた	柊さんた	名詞
ひいろくま	日色くま	名詞
ひさかきうい	姫榊うい	名詞
ひさかきみみ	姫榊みみ	名詞
ひなたまる	日向まる	名詞
ひのみやひまり	緋ノ宮ヒマリ	名詞
ひのもとまい	日ノ本マイ	名詞
ひびやつばさ	日比谷つばさ	名詞
ひめりありす	姫莉アリス	名詞
ひめりありす	姫莉アリス	名詞
ひらさかめい	比良坂芽衣	名詞
ぺとらないとめあ	ペトラナイトメア	名詞
ほうおうれいな	鳳凰レイナ	名詞
ほうれいてんてん	鳳玲天々	名詞
ましろゆき	真白ユキ	名詞
みこしばみこと	神子柴美琴	名詞
みすみめめ	未澄めめ	名詞
みつきもも	美月もも	名詞
みないえるま	薬袋エルマ	名詞
みなせしあ	水瀬しあ	名詞
みまたるしゃ	霊ルシャ	名詞
みやこみゆり	都みゆり	名詞
みれあしぇるつ	Mirea Sheltzs	名詞
むすびめゆい	結目ユイ	名詞
むとうあまい	無糖あまゐ	名詞
もちづきのあ	望月のあ	名詞
やぎゅうめでる	柳生めでる	名詞
やそうといき	夜想といき	名詞
やみがしかな	闇貸かな	名詞
やよいよい	夜世生宵	名詞
ゆうきこるね	ゆうきこるね	名詞
ゆうづつてぃあ	夕月ティア	名詞
ゆうゆうゆら	幽々ゆら	名詞
ゆきおこん	︎︎雪尾紺	名詞
ゆめさきみう	夢咲みう 	名詞
よいづきあろま	宵月あろま	名詞
よしばなこころ	吉花こころ	名詞
よぞらめぐる	夜空めぐる	名詞
るるららりりぃ	るる・らら・りりぃ	名詞
ろくめりあ	鹿鳴りあ	名詞